{
    "final_test_auc": 0.909682357443552,
    "final_test_accuracy": 0.8344827586206897
}